{
	"igwsc_menu_title": "Цвет состояния ожидание в игре",
	"igwsc_menu_desc": "Настройте цвета текста статуса и статусные тексты на экране загрузки",
	
	"igwsc_r" : "Красный",
	"igwsc_r_desc" : "Значение",
	"igwsc_g" : "Зеленый",
	"igwsc_g_desc" : "Значение",
	"igwsc_b" : "Синий",
	"igwsc_b_desc" : "Значение",
	
	"igwsc_options_reset_title": "Сброс",
	"igwsc_options_reset_desc": "Сбросить стандартные цвета и тексты по умолчанию (Blue-JOINING, Yellow-LOADING, Green-READY и Red-NOT READY)",
	
	"dropin_text_title": "Установить Загрузка текста",
	"dropin_text_desc": "Напечатайте любые тексты, чтобы установить текст для состояния LOADING",
	
	"join_text_title": "Установить соединение текста",
	"join_text_desc": "Введите любые тексты, чтобы установить текст для статуса JOINING",
	
	"ready_text_title": "Установить готовый текст",
	"ready_text_desc": "Напечатайте любые тексты, чтобы установить текст для состояния READY",
	
	"unready_text_title": "Установить текст не готов",
	"unready_text_desc": "Напечатайте любые тексты, чтобы установить текст для статуса NOT READY"
}
